adress_kids	BP_PARAM	text	Адрес детей
age	BP_PARAM	text	Возраст
animals	BP_PARAM	text	Животные
attraction	BP_PARAM	text	Привлекательность
bank	BP_PARAM	text	Банк
birth_certificate	BP_PARAM	file	Свидетельство о рождении
city	BP_PARAM	text	Город
commit_deal	BP_PARAM	text	Фиксация сделки
down_payment_period	BP_PARAM	text	Срок взноса
famStatus	BP_PARAM	text	Семейное положение
form_payment	BP_PARAM	text	Форма оплаты
initial_fee	BP_PARAM	text	Первоначальный взнос
inn	BP_PARAM	text	ИНН
kids	BP_PARAM	text	Дети
kindOfActivity	BP_PARAM	text	Род деятельности
marriage_certificate	BP_PARAM	file	Свидетельство о браке
math_capital	BP_PARAM	text	Мат. капитал
notarised	BP_PARAM	text	Нотариальное
ostatok_capital	BP_PARAM	text	Остаток капитала
other_docs	BP_PARAM	file	Прочие документы
Parameter1	BP_PARAM	text	Параметр 1
Parameter2	BP_PARAM	text	Параметр 2
pasport	BP_PARAM	text	Паспорт
property_type	BP_PARAM	text	Тип недвижимости
sber	BP_PARAM	text	Сбер
sertifikat_sotrudnichestva	BP_PARAM	file	Сертификат сотрудничества
sex	BP_PARAM	text	Пол
snils	BP_PARAM	text	СНИЛС
summ_MSK	BP_PARAM	text	Сумма МСК
summ_sotrudnichestva	BP_PARAM	text	Сумма сотрудничества
target	BP_PARAM	text	Цель покупки
TargetUser	BP_PARAM	user	Получатель уведомления
type_doc	BP_PARAM	text	Тип документа
type_registr	BP_PARAM	text	Тип регистрации
CONTACT.EMAIL	CONTACT	crm	E-mail
CONTACT.ID	CONTACT	integer	ID контакта
CONTACT.LAST_NAME	CONTACT	string	Фамилия
CONTACT.NAME	CONTACT	string	Имя
CONTACT.SECOND_NAME	CONTACT	string	Отчество
ASSIGNED_BY_ID	DEAL	employee	Ответственный
CATEGORY_ID	DEAL	crm_category	Направление (воронка)
CONTACT_ID	DEAL	crm	Контакт
CONTACT_IDS	DEAL	crm	Контакты
DATE_CREATE	DEAL	datetime	Дата создания
ID	DEAL	integer	ID
OPPORTUNITY	DEAL	money	Сумма
SOURCE_DESCRIPTION	DEAL	string	Описание источника
SOURCE_ID	DEAL	crm_status	Источник
STAGE_ID	DEAL	crm_status	Стадия
TITLE	DEAL	string	Название
UF_CRM_121B01D4630C9	DEAL	string	—
UF_CRM_1489656054	DEAL	string	—
UF_CRM_1489662019	DEAL	string	—
UF_CRM_1504065664	DEAL	string	—
UF_CRM_1514285145	DEAL	string	—
UF_CRM_1514285621	DEAL	enumeration	Форма оплаты (портрет)
UF_CRM_1514285671	DEAL	enumeration	Банк (портрет)
UF_CRM_1514285709	DEAL	string	—
UF_CRM_1514285720	DEAL	string	—
UF_CRM_1514285737	DEAL	string	—
UF_CRM_1514285784	DEAL	enumeration	Тип собственника
UF_CRM_1516087526	DEAL	string	—
UF_CRM_1516110338	DEAL	string	—
UF_CRM_1516188182	DEAL	string	—
UF_CRM_1517818034	DEAL	string	—
UF_CRM_1519044876	DEAL	string	—
UF_CRM_1538728175196	DEAL	string	—
UF_CRM_1538728238762	DEAL	string	—
UF_CRM_1538728252471	DEAL	string	—
UF_CRM_1538728258081	DEAL	string	—
UF_CRM_1538728263731	DEAL	string	—
UF_CRM_1538728269909	DEAL	string	—
UF_CRM_1538728276066	DEAL	string	—
UF_CRM_1538728286642	DEAL	string	—
UF_CRM_1538728292007	DEAL	string	—
UF_CRM_1538729147	DEAL	enumeration	Тип помещения
UF_CRM_1539687636	DEAL	string	—
UF_CRM_1540548252	DEAL	string	—
UF_CRM_1540552899	DEAL	string	—
UF_CRM_1540553564	DEAL	string	—
UF_CRM_1540553594	DEAL	string	—
UF_CRM_1540554275	DEAL	string	—
UF_CRM_1540554740	DEAL	string	—
UF_CRM_1540554805	DEAL	string	—
UF_CRM_1540554822	DEAL	string	—
UF_CRM_1542270475	DEAL	string	—
UF_CRM_1542270499	DEAL	string	—
UF_CRM_1542270524	DEAL	string	—
UF_CRM_1542800812	DEAL	string	—
UF_CRM_1542800839	DEAL	string	—
UF_CRM_1542800844	DEAL	string	—
UF_CRM_1554371480174	DEAL	string	—
UF_CRM_1554440345378	DEAL	string	—
UF_CRM_1554441471323	DEAL	string	—
UF_CRM_1554441569076	DEAL	string	—
UF_CRM_1557008108	DEAL	string	—
UF_CRM_1557008119	DEAL	string	—
UF_CRM_1566371562	DEAL	string	—
UF_CRM_1566896313	DEAL	string	—
UF_CRM_1578484533	DEAL	string	—
UF_CRM_1579073932	DEAL	string	—
UF_CRM_1579079347	DEAL	string	—
UF_CRM_1579079421	DEAL	string	—
UF_CRM_1579601630	DEAL	string	—
UF_CRM_1579777690	DEAL	string	—
UF_CRM_1579779128	DEAL	string	—
UF_CRM_1580876455874	DEAL	string	—
UF_CRM_1580876464731	DEAL	string	—
UF_CRM_1580876531207	DEAL	string	—
UF_CRM_1581071847	DEAL	string	—
UF_CRM_1581509456929	DEAL	string	—
UF_CRM_1582005107	DEAL	string	—
UF_CRM_1582005750	DEAL	string	—
UF_CRM_1582008586983	DEAL	string	—
UF_CRM_1582012969	DEAL	string	—
UF_CRM_1582082289	DEAL	string	—
UF_CRM_1582091435	DEAL	string	—
UF_CRM_1584706806	DEAL	string	—
UF_CRM_1586152755	DEAL	string	—
UF_CRM_1591077995374	DEAL	string	—
UF_CRM_1593586909	DEAL	string	—
UF_CRM_1598874108	DEAL	string	—
UF_CRM_1599212908923	DEAL	string	—
UF_CRM_1599212940506	DEAL	string	—
UF_CRM_1619418611769	DEAL	string	—
UF_CRM_1619418745002	DEAL	string	—
UF_CRM_1619419271478	DEAL	money	Первоначальный взнос (портрет)
UF_CRM_1619419293422	DEAL	string	—
UF_CRM_1619419325995	DEAL	string	—
UF_CRM_1619419358548	DEAL	string	—
UF_CRM_1619419381158	DEAL	string	—
UF_CRM_1619419426779	DEAL	string	—
UF_CRM_1619419522421	DEAL	string	—
UF_CRM_1619419554637	DEAL	string	—
UF_CRM_1619419588171	DEAL	string	—
UF_CRM_1619435259403	DEAL	string	—
UF_CRM_1619515162085	DEAL	string	—
UF_CRM_1619618497873	DEAL	string	—
UF_CRM_1619692947	DEAL	string	—
UF_CRM_1619692983	DEAL	string	—
UF_CRM_1622183969	DEAL	string	—
UF_CRM_1622183995	DEAL	string	—
UF_CRM_1622184023	DEAL	string	—
UF_CRM_1626081681	DEAL	string	—
UF_CRM_1626763524972	DEAL	string	—
UF_CRM_1626853324790	DEAL	string	—
UF_CRM_1630396564387	DEAL	string	—
UF_CRM_1634903177	DEAL	string	—
UF_CRM_1638092857988	DEAL	string	—
UF_CRM_1638092976684	DEAL	string	—
UF_CRM_1638098562414	DEAL	string	—
UF_CRM_1638098621042	DEAL	string	—
UF_CRM_1638516174709	DEAL	string	—
UF_CRM_1639116266399	DEAL	string	—
UF_CRM_1639295741292	DEAL	string	—
UF_CRM_1640151193	DEAL	string	—
UF_CRM_1640151983	DEAL	string	—
UF_CRM_1640156227	DEAL	string	—
UF_CRM_1643109623	DEAL	string	—
UF_CRM_1644993988	DEAL	enumeration	Дополнительно
UF_CRM_1647340962	DEAL	string	—
UF_CRM_1647847963971	DEAL	string	—
UF_CRM_1647848029617	DEAL	string	—
UF_CRM_1647852416795	DEAL	string	—
UF_CRM_1648620318066	DEAL	string	—
UF_CRM_1648622722604	DEAL	string	—
UF_CRM_1649750063	DEAL	employee	Ответственный новой сделки
UF_CRM_1649752943	DEAL	string	—
UF_CRM_1649752988	DEAL	string	—
UF_CRM_1649753011	DEAL	string	—
UF_CRM_1649753040	DEAL	string	—
UF_CRM_1649753090	DEAL	string	—
UF_CRM_1649753119	DEAL	string	—
UF_CRM_1649753152	DEAL	string	—
UF_CRM_1649753176	DEAL	string	—
UF_CRM_1649753202	DEAL	string	—
UF_CRM_1650958148343	DEAL	string	—
UF_CRM_1650958311024	DEAL	string	—
UF_CRM_1650958359213	DEAL	string	—
UF_CRM_1650959214562	DEAL	string	—
UF_CRM_1653397101	DEAL	string	—
UF_CRM_1653456666850	DEAL	string	—
UF_CRM_1653457227797	DEAL	string	—
UF_CRM_1653457314150	DEAL	string	—
UF_CRM_1656057996	DEAL	string	—
UF_CRM_1656062400	DEAL	string	—
UF_CRM_1656935682167	DEAL	string	—
UF_CRM_1656935706386	DEAL	string	—
UF_CRM_1657001309	DEAL	string	—
UF_CRM_1657187469180	DEAL	string	—
UF_CRM_1657873213	DEAL	string	—
UF_CRM_1657873655	DEAL	string	—
UF_CRM_1657884727174	DEAL	string	—
UF_CRM_1657884761876	DEAL	string	—
UF_CRM_1657884785292	DEAL	string	—
UF_CRM_1657884802348	DEAL	string	—
UF_CRM_1657884827604	DEAL	string	—
UF_CRM_1657885780068	DEAL	string	—
UF_CRM_1658465868488	DEAL	string	—
UF_CRM_1658466069923	DEAL	string	—
UF_CRM_1658466137636	DEAL	string	—
UF_CRM_1658466192688	DEAL	string	—
UF_CRM_1658466222856	DEAL	string	—
UF_CRM_1658466242337	DEAL	string	—
UF_CRM_1658998576	DEAL	string	—
UF_CRM_1659005409074	DEAL	string	Возраст (портрет)
UF_CRM_1659005450720	DEAL	enumeration	Пол (портрет)
UF_CRM_1659007926721	DEAL	string	Город (портрет)
UF_CRM_1659008047015	DEAL	enumeration	Цель покупки (портрет)
UF_CRM_1659009682372	DEAL	enumeration	Семейное положение (портрет)
UF_CRM_1659074341994	DEAL	string	Дети (портрет)
UF_CRM_1659074512261	DEAL	string	Род деятельности (портрет)
UF_CRM_1659074620049	DEAL	string	Привлекательность (портрет)
UF_CRM_1659498442261	DEAL	string	—
UF_CRM_1659595292115	DEAL	string	—
UF_CRM_1659697660501	DEAL	string	—
UF_CRM_1659697771995	DEAL	string	—
UF_CRM_1660041810	DEAL	string	—
UF_CRM_1660043118613	DEAL	string	—
UF_CRM_1660535141	DEAL	string	—
UF_CRM_1660644640	DEAL	string	—
UF_CRM_1660888065753	DEAL	string	—
UF_CRM_1661764685	DEAL	string	—
UF_CRM_1662629293	DEAL	string	ФИО клиента
UF_CRM_1662721064	DEAL	string	—
UF_CRM_1662956961	DEAL	string	—
UF_CRM_1663658772	DEAL	string	—
UF_CRM_1663660947	DEAL	string	—
UF_CRM_1663674513	DEAL	string	—
UF_CRM_1663674681	DEAL	string	—
UF_CRM_1663737776	DEAL	string	—
UF_CRM_1664431613	DEAL	string	—
UF_CRM_1664529814	DEAL	string	—
UF_CRM_1664530057	DEAL	string	—
UF_CRM_1664530081	DEAL	string	—
UF_CRM_1664530244	DEAL	string	—
UF_CRM_1664775392	DEAL	url	Ссылка на сделку в оформлении
UF_CRM_1664775472	DEAL	url	Ссылка на сделку в продажах
UF_CRM_1664792607	DEAL	integer	ID сделки в оформлении
UF_CRM_1664792769	DEAL	integer	ID сделки (продажи)
UF_CRM_1664969607	DEAL	string	—
UF_CRM_1666157549	DEAL	string	—
UF_CRM_1668572647	DEAL	string	Животные (портрет)
UF_CRM_1674214850	DEAL	string	—
UF_CRM_1676357023	DEAL	string	—
UF_CRM_1679476064	DEAL	string	—
UF_CRM_1683805668	DEAL	string	—
UF_CRM_1684153610	DEAL	string	—
UF_CRM_1684326063958	DEAL	string	—
UF_CRM_1684412549	DEAL	string	—
UF_CRM_1684753562	DEAL	string	—
UF_CRM_1684845420	DEAL	string	—
UF_CRM_1685943769	DEAL	enumeration	Тип регистрации (портрет)
UF_CRM_1686043236	DEAL	string	—
UF_CRM_1689224441	DEAL	string	—
UF_CRM_1689316871842	DEAL	string	—
UF_CRM_1690960836	DEAL	string	—
UF_CRM_1692183647	DEAL	string	—
UF_CRM_1693308309392	DEAL	string	—
UF_CRM_1693540108	DEAL	string	—
UF_CRM_1693553546	DEAL	string	—
UF_CRM_1693553595	DEAL	string	—
UF_CRM_1693553642	DEAL	string	—
UF_CRM_1693553670	DEAL	string	—
UF_CRM_1693656913	DEAL	string	—
UF_CRM_1693656976	DEAL	string	—
UF_CRM_1693657017	DEAL	string	—
UF_CRM_1694352376	DEAL	string	—
UF_CRM_1694352398	DEAL	string	—
UF_CRM_1695363057	DEAL	string	—
UF_CRM_1695980864	DEAL	string	—
UF_CRM_1695982032	DEAL	string	—
UF_CRM_1695982033	DEAL	string	—
UF_CRM_1696414290326	DEAL	string	—
UF_CRM_1696566768473	DEAL	string	—
UF_CRM_1696568305521	DEAL	string	—
UF_CRM_1696847562	DEAL	boolean	Есть завышение
UF_CRM_1697015111	DEAL	string	—
UF_CRM_1697018686	DEAL	string	—
UF_CRM_1697020510	DEAL	string	—
UF_CRM_1697195546	DEAL	enumeration	ГП (генплан)
UF_CRM_1697195546_PRINTABLE	DEAL	enumeration	ГП (генплан)
UF_CRM_1699343028	DEAL	string	—
UF_CRM_1699449054	DEAL	string	—
UF_CRM_1700215388994	DEAL	string	—
UF_CRM_1700215460776	DEAL	string	—
UF_CRM_1700217998116	DEAL	string	—
UF_CRM_1700457910	DEAL	string	—
UF_CRM_1700471607414	DEAL	string	—
UF_CRM_1702277580	DEAL	string	—
UF_CRM_1702537697	DEAL	string	—
UF_CRM_1702537731	DEAL	string	—
UF_CRM_1703505805	DEAL	string	—
UF_CRM_1704975890651	DEAL	string	—
UF_CRM_1705491161999	DEAL	string	—
UF_CRM_1706265688	DEAL	string	—
UF_CRM_1706524400	DEAL	string	—
UF_CRM_1706526939978	DEAL	string	—
UF_CRM_1707196553249	DEAL	string	—
UF_CRM_1707196677821	DEAL	string	—
UF_CRM_1707211888	DEAL	string	—
UF_CRM_1707211971	DEAL	string	—
UF_CRM_1707287114	DEAL	string	—
UF_CRM_1708940135	DEAL	string	—
UF_CRM_1709102252	DEAL	string	—
UF_CRM_1710230664	DEAL	string	—
UF_CRM_1710412968	DEAL	string	—
UF_CRM_1710494587	DEAL	string	—
UF_CRM_1710495594	DEAL	string	—
UF_CRM_1710995148	DEAL	string	—
UF_CRM_1710997656	DEAL	string	—
UF_CRM_1712733610	DEAL	string	—
UF_CRM_1718358123	DEAL	string	—
UF_CRM_1718618351	DEAL	string	—
UF_CRM_1718919216	DEAL	string	—
UF_CRM_1721129282	DEAL	string	—
UF_CRM_1722231570	DEAL	string	—
UF_CRM_1722231741	DEAL	string	—
UF_CRM_1722231954	DEAL	string	—
UF_CRM_1722232687	DEAL	money	Сумма сотрудничества (портрет)
UF_CRM_1722233695	DEAL	string	—
UF_CRM_1722246835	DEAL	string	—
UF_CRM_1722839839	DEAL	string	—
UF_CRM_1722839884	DEAL	string	—
UF_CRM_1722839925	DEAL	string	—
UF_CRM_1722839965	DEAL	string	—
UF_CRM_1722840010	DEAL	string	—
UF_CRM_1722840057	DEAL	string	—
UF_CRM_1722840095	DEAL	string	—
UF_CRM_1722840150	DEAL	string	—
UF_CRM_1722840210	DEAL	string	—
UF_CRM_1722843190	DEAL	enumeration	Срок взноса (портрет)
UF_CRM_1722851893	DEAL	string	—
UF_CRM_1722855061	DEAL	string	—
UF_CRM_1722938526204	DEAL	enumeration	Тип документа (портрет)
UF_CRM_1722939499	DEAL	string	—
UF_CRM_1722941445	DEAL	string	Сбер (портрет)
UF_CRM_1723030206	DEAL	string	—
UF_CRM_1723199854315	DEAL	string	—
UF_CRM_1723456654	DEAL	string	—
UF_CRM_1723528988	DEAL	string	—
UF_CRM_1723532204	DEAL	string	—
UF_CRM_1723613436	DEAL	string	—
UF_CRM_1724149252	DEAL	string	—
UF_CRM_1726038020	DEAL	string	—
UF_CRM_1732790138	DEAL	string	—
UF_CRM_1732790183	DEAL	string	—
UF_CRM_1733208845253	DEAL	string	—
UF_CRM_1739347967	DEAL	string	—
UF_CRM_1739351362	DEAL	enumeration	Комнатность
UF_CRM_1739353069	DEAL	string	—
UF_CRM_1739357026	DEAL	string	ID помещения (Шахматка)
UF_CRM_1741592250	DEAL	string	—
UF_CRM_1742989121	DEAL	string	—
UF_CRM_1742989123	DEAL	string	—
UF_CRM_1744779334	DEAL	string	—
UF_CRM_1749018147	DEAL	string	—
UF_CRM_1753075344	DEAL	string	—
UF_CRM_1753865705041	DEAL	enumeration	Признак в заявке
UF_CRM_1754367756909	DEAL	string	—
UF_CRM_1754975401369	DEAL	string	—
UF_CRM_1756207944	DEAL	string	—
UF_CRM_1773990099	DEAL	string	—
UF_CRM_1776852546752	DEAL	string	—
UF_CRM_1776852774142	DEAL	string	—
UF_CRM_1776855310914	DEAL	string	—
UF_CRM_1776855355606	DEAL	string	—
UF_CRM_1776855427146	DEAL	string	—
UF_CRM_1777023001835	DEAL	string	—
UF_CRM_1777023476482	DEAL	string	—
UF_CRM_1777024041	DEAL	string	—
UF_CRM_1777024041_DFS_HISTORY	DEAL	string	—
UF_CRM_1778581864832	DEAL	string	—
UF_CRM_1781503203212	DEAL	string	—
UF_CRM_1782215619343	DEAL	string	—
UF_CRM_1782216309667	DEAL	string	—
UF_CRM_1782815976	DEAL	string	—
UF_CRM_1782816044	DEAL	string	—
UF_CRM_1782816883	DEAL	string	—
UF_CRM_1782816939	DEAL	string	—
UF_CRM_1782816991	DEAL	string	—
UF_CRM_1782817037	DEAL	string	—
UF_CRM_1782817073	DEAL	string	—
UF_CRM_1782817098	DEAL	string	—
UF_CRM_1782817120	DEAL	string	—
UF_CRM_1782817166	DEAL	string	—
UF_CRM_1782817206	DEAL	string	—
UF_CRM_1782817257	DEAL	string	—
UF_CRM_1782817274	DEAL	string	—
UF_CRM_1782817308	DEAL	string	—
UF_CRM_1782817348	DEAL	string	—
UF_CRM_1782817363	DEAL	string	—
UF_CRM_1782817414	DEAL	string	—
UF_CRM_59AD381C02DA7	DEAL	string	—
UF_CRM_59AD381C0E4F4	DEAL	string	—
UF_CRM_59AD381C17977	DEAL	string	—
UF_CRM_59AD381C55CB4	DEAL	string	—
UF_CRM_59AD381C5F366	DEAL	string	—
UF_CRM_59AD381C64BD1	DEAL	string	—
UF_CRM_5A55BEC3DB9F3	DEAL	string	—
UF_CRM_5A7BF679EF9BA	DEAL	string	—
UF_CRM_5A7BF67A75A3A	DEAL	string	—
UF_CRM_5A7BF67A93FBD	DEAL	string	—
UF_CRM_5A7BF67AB2112	DEAL	string	—
UF_CRM_5AF52F901BA31	DEAL	string	—
UF_CRM_5AF52F90344E1	DEAL	string	—
UF_CRM_5B0BE49D5FE85	DEAL	string	—
UF_CRM_5B35C61C1F97A	DEAL	string	—
UF_CRM_5B35C61C2D443	DEAL	string	—
UF_CRM_5B35C61C38E90	DEAL	string	—
UF_CRM_5B88EF0C7B988	DEAL	string	—
UF_CRM_5B88F240415C2	DEAL	string	—
UF_CRM_5B88F2405FA44	DEAL	string	—
UF_CRM_5B88F240A7D38	DEAL	string	—
UF_CRM_5B88F2412EF8F	DEAL	string	—
UF_CRM_5B88F241DAF82	DEAL	string	—
UF_CRM_5B88F2420C988	DEAL	string	—
UF_CRM_5B88F24233C81	DEAL	string	—
UF_CRM_5B892F99B498A	DEAL	string	—
UF_CRM_5B892F99CA7B0	DEAL	string	—
UF_CRM_5B892F99DAE2C	DEAL	string	—
UF_CRM_5B892F99EAA0F	DEAL	string	—
UF_CRM_5B892F9A058AF	DEAL	string	—
UF_CRM_5B892F9A1430D	DEAL	string	—
UF_CRM_5B892F9A24C45	DEAL	string	—
UF_CRM_5B892F9A31BCD	DEAL	string	—
UF_CRM_5B892F9A3F560	DEAL	string	—
UF_CRM_5B892F9A561DA	DEAL	string	—
UF_CRM_5B892F9A69CFA	DEAL	string	—
UF_CRM_5B892F9A82FBF	DEAL	string	—
UF_CRM_5B892F9A95961	DEAL	string	—
UF_CRM_5B892F9AA80FB	DEAL	string	—
UF_CRM_5B892F9ABA199	DEAL	string	—
UF_CRM_5B892F9ACD049	DEAL	string	—
UF_CRM_5B892F9AE525F	DEAL	string	—
UF_CRM_5B892F9B00E83	DEAL	string	—
UF_CRM_5B892F9B123D5	DEAL	string	—
UF_CRM_5B892F9B298E8	DEAL	string	—
UF_CRM_5B892F9B3C55F	DEAL	string	—
UF_CRM_5B892F9B4E557	DEAL	string	—
UF_CRM_5B892F9B605A9	DEAL	string	—
UF_CRM_5B892F9B75F69	DEAL	string	—
UF_CRM_5B892F9B8944A	DEAL	string	—
UF_CRM_5B892F9B9C80B	DEAL	string	—
UF_CRM_5B892F9BB48EE	DEAL	string	—
UF_CRM_5B892F9BCA231	DEAL	string	—
UF_CRM_5B892F9BE3413	DEAL	string	—
UF_CRM_5B892F9C04969	DEAL	string	—
UF_CRM_5B892F9C1C4A1	DEAL	string	—
UF_CRM_5B892F9C32D14	DEAL	string	—
UF_CRM_5B892F9C45291	DEAL	string	—
UF_CRM_5B892F9C65188	DEAL	string	—
UF_CRM_5B892F9C7C5C8	DEAL	string	—
UF_CRM_5B892F9C937FC	DEAL	string	—
UF_CRM_5B892F9CAC248	DEAL	string	—
UF_CRM_5B892F9CC360B	DEAL	string	—
UF_CRM_5B892F9CD9383	DEAL	string	—
UF_CRM_5B892F9CF0C95	DEAL	string	—
UF_CRM_5B892F9D151AE	DEAL	string	—
UF_CRM_5B892F9D2C698	DEAL	string	—
UF_CRM_5B892F9D43B49	DEAL	string	—
UF_CRM_5B892F9D5A667	DEAL	string	—
UF_CRM_5B892F9D73482	DEAL	string	—
UF_CRM_5B892F9D8A216	DEAL	string	—
UF_CRM_5B892F9DA4ACF	DEAL	string	—
UF_CRM_5B892F9DBE7A8	DEAL	string	—
UF_CRM_5B892F9DD8C3A	DEAL	string	—
UF_CRM_5B892F9E01AD3	DEAL	string	—
UF_CRM_5B892F9E1A53D	DEAL	string	—
UF_CRM_5B892F9E35FCA	DEAL	string	—
UF_CRM_5B892F9E579BD	DEAL	string	—
UF_CRM_5B892F9E78694	DEAL	string	—
UF_CRM_5B892F9E9FC6F	DEAL	string	—
UF_CRM_5B892F9EC0EA0	DEAL	string	—
UF_CRM_5B892F9EE1B2D	DEAL	string	—
UF_CRM_5B892F9F090D4	DEAL	string	—
UF_CRM_5B892F9F308E7	DEAL	string	—
UF_CRM_5B892F9F507B4	DEAL	string	—
UF_CRM_5B892F9F717E1	DEAL	string	—
UF_CRM_5B892F9F95A94	DEAL	string	—
UF_CRM_5B892F9FB97FD	DEAL	string	—
UF_CRM_5B892F9FDC10D	DEAL	string	—
UF_CRM_5B892FA008518	DEAL	string	—
UF_CRM_5B892FA034582	DEAL	string	—
UF_CRM_5B892FA0748D7	DEAL	string	—
UF_CRM_5B892FA09CA39	DEAL	string	—
UF_CRM_5B892FA0C018C	DEAL	string	—
UF_CRM_5B892FA0E28BF	DEAL	string	—
UF_CRM_5B892FA11A124	DEAL	string	—
UF_CRM_5B892FA141015	DEAL	string	—
UF_CRM_5B892FA16618C	DEAL	string	—
UF_CRM_5BC5C9F40B82C	DEAL	string	—
UF_CRM_5BC5C9F436906	DEAL	string	—
UF_CRM_5BC5C9F456AE2	DEAL	string	—
UF_CRM_5BC5C9F47779B	DEAL	string	—
UF_CRM_5BC5C9F497E71	DEAL	string	—
UF_CRM_5BC5C9F4B6E6A	DEAL	string	—
UF_CRM_5BC5C9F4D9F33	DEAL	string	—
UF_CRM_5BC5C9F505E19	DEAL	string	—
UF_CRM_5BC5C9F524986	DEAL	string	—
UF_CRM_5BC5C9F549EB8	DEAL	string	—
UF_CRM_5BC5C9F567840	DEAL	string	—
UF_CRM_5BED85ED5EA3C	DEAL	string	—
UF_CRM_5BED85ED8F7EB	DEAL	string	—
UF_CRM_5BED85EDB3CED	DEAL	string	—
UF_CRM_5C1A4B9650F1E	DEAL	string	—
UF_CRM_5C1A4B96A7F33	DEAL	string	—
UF_CRM_5C1A4B97806BC	DEAL	string	—
UF_CRM_5C1A4B981BB4E	DEAL	string	—
UF_CRM_5C5ABBFFAB7CF	DEAL	string	—
UF_CRM_5C5ABBFFD32F6	DEAL	string	—
UF_CRM_5C5ABBFFE1EA6	DEAL	string	—
UF_CRM_5C5ABBFFEFD53	DEAL	string	—
UF_CRM_5C5ABC00074FD	DEAL	string	—
UF_CRM_5C5ABC0014C95	DEAL	string	—
UF_CRM_5C5ABC002982E	DEAL	string	—
UF_CRM_5C5ABC0048376	DEAL	string	—
UF_CRM_5C5ABC005F2E6	DEAL	string	—
UF_CRM_5C5ABC006E198	DEAL	string	—
UF_CRM_5C5ABC007C2C5	DEAL	string	—
UF_CRM_5C5ABC008F6AB	DEAL	string	—
UF_CRM_5C5ABC009DF8F	DEAL	string	—
UF_CRM_5C5ABC00ACE93	DEAL	string	—
UF_CRM_5C5ABC00BBF14	DEAL	string	—
UF_CRM_5C5ABC00CD6DB	DEAL	string	—
UF_CRM_5C5ABC00E0B5B	DEAL	string	—
UF_CRM_5C5ABC0115C12	DEAL	string	—
UF_CRM_5C5ABC014FB8F	DEAL	string	—
UF_CRM_5C5ABC015CB41	DEAL	string	—
UF_CRM_5C5ABC016D38C	DEAL	string	—
UF_CRM_5C5ABC01772CC	DEAL	string	—
UF_CRM_5C5ABC01822C6	DEAL	string	—
UF_CRM_5C5ABC018C9BB	DEAL	string	—
UF_CRM_5C5ABC0198CB8	DEAL	string	—
UF_CRM_5C5ABC01A6235	DEAL	string	—
UF_CRM_5C5ABC01B4615	DEAL	string	—
UF_CRM_5C5ABC01CAD5F	DEAL	string	—
UF_CRM_5C5ABC01DC6D6	DEAL	string	—
UF_CRM_5C5ABC01E5380	DEAL	string	—
UF_CRM_5C5ABC01EF5B7	DEAL	string	—
UF_CRM_5C5ABC02028D1	DEAL	string	—
UF_CRM_5C5ABC020DD6F	DEAL	string	—
UF_CRM_5C5ABC021DB43	DEAL	string	—
UF_CRM_5C5ABC022682E	DEAL	string	—
UF_CRM_5C5ABC022DD57	DEAL	string	—
UF_CRM_5C5ABC0235D93	DEAL	string	—
UF_CRM_5C5ABC0242549	DEAL	string	—
UF_CRM_5C5ABC024BCBB	DEAL	string	—
UF_CRM_5C5ABC02574E9	DEAL	string	—
UF_CRM_5C5ABC0266669	DEAL	string	—
UF_CRM_5C5ABC02700F1	DEAL	string	—
UF_CRM_5C5ABC02796A7	DEAL	string	—
UF_CRM_5C5ABC02851C0	DEAL	string	—
UF_CRM_5C5ABC028D425	DEAL	string	—
UF_CRM_5C5ABC0298A0A	DEAL	string	—
UF_CRM_5C5ABC02AD91B	DEAL	string	—
UF_CRM_5C5ABC02BA8E2	DEAL	string	—
UF_CRM_5C5ABC02C6771	DEAL	string	—
UF_CRM_5C5ABC02D2618	DEAL	string	—
UF_CRM_5C5ABC02DFF85	DEAL	string	—
UF_CRM_5C5ABC03011DF	DEAL	string	—
UF_CRM_5C5ABC030A465	DEAL	string	—
UF_CRM_5C5ABC0314AA4	DEAL	string	—
UF_CRM_5C5ABC031EFF8	DEAL	string	—
UF_CRM_5C5ABC032A909	DEAL	string	—
UF_CRM_5C5ABC033332D	DEAL	string	—
UF_CRM_5C5ABC033EC04	DEAL	string	—
UF_CRM_5C5ABC0346DAD	DEAL	string	—
UF_CRM_5C5ABC035139C	DEAL	string	—
UF_CRM_5C5ABC0362566	DEAL	string	—
UF_CRM_5C5ABC036D743	DEAL	string	—
UF_CRM_5C5ABC03778CB	DEAL	string	—
UF_CRM_5C5ABC0382316	DEAL	string	—
UF_CRM_5C5ABC038F2F2	DEAL	string	—
UF_CRM_5C5ABC03B79D5	DEAL	string	—
UF_CRM_5C5ABC03C1873	DEAL	string	—
UF_CRM_5C5ABC03C8D21	DEAL	string	—
UF_CRM_5C5ABC03D26D6	DEAL	string	—
UF_CRM_5C5ABC03DE773	DEAL	string	—
UF_CRM_5C5ABC0404F27	DEAL	string	—
UF_CRM_5C5ABC040E371	DEAL	string	—
UF_CRM_5C5ABC0418ABF	DEAL	string	—
UF_CRM_5C5ABC04232BC	DEAL	string	—
UF_CRM_5C5ABC043C26C	DEAL	string	—
UF_CRM_5C5ABC0448046	DEAL	string	—
UF_CRM_5C5ABC045159A	DEAL	string	—
UF_CRM_5C5ABC045DB38	DEAL	string	—
UF_CRM_5C5ABC046BF97	DEAL	string	—
UF_CRM_5C5ABC047A200	DEAL	string	—
UF_CRM_5C5ABC049FC16	DEAL	string	—
UF_CRM_5C5ABC04AB15B	DEAL	string	—
UF_CRM_5C5ABC04E701F	DEAL	string	—
UF_CRM_5C5ABC051D2AE	DEAL	string	—
UF_CRM_5C5ABC052F6C3	DEAL	string	—
UF_CRM_5C5ABC053C316	DEAL	string	—
UF_CRM_5C5ABC054B3DD	DEAL	string	—
UF_CRM_5C5ABC056196F	DEAL	string	—
UF_CRM_5C5ABC0575E99	DEAL	string	—
UF_CRM_5CA701C6CC233	DEAL	string	—
UF_CRM_5D1EF87C5FC73	DEAL	string	—
UF_CRM_5D1F409BC2FB3	DEAL	string	—
UF_CRM_5D4163D06FF37	DEAL	string	—
UF_CRM_5D4163D0D2690	DEAL	string	—
UF_CRM_5D4163D1332CA	DEAL	string	—
UF_CRM_5D4163D1831F1	DEAL	string	—
UF_CRM_5D4163D1BFE57	DEAL	string	—
UF_CRM_5D4BCC064A28D	DEAL	string	—
UF_CRM_5D5D0FCC32A73	DEAL	string	—
UF_CRM_5D65294E5BBF2	DEAL	string	—
UF_CRM_5DCCCE4942BAF	DEAL	string	—
UF_CRM_5DCCCE49A37E0	DEAL	string	—
UF_CRM_5E15CA0E5F680	DEAL	string	—
UF_CRM_5E1843946DB3F	DEAL	string	—
UF_CRM_5E37FD91162B9	DEAL	string	—
UF_CRM_5E37FD9196434	DEAL	string	—
UF_CRM_5E37FD91B0564	DEAL	string	—
UF_CRM_5E37FD92058E9	DEAL	string	—
UF_CRM_5E37FD921FAFC	DEAL	string	—
UF_CRM_5E37FD9235B18	DEAL	string	—
UF_CRM_5E37FD925023E	DEAL	string	—
UF_CRM_5E37FD925CA68	DEAL	string	—
UF_CRM_5E4B8D8C3C363	DEAL	string	—
UF_CRM_5E4B8D8CEB17C	DEAL	string	—
UF_CRM_5E4B8D8D9A63F	DEAL	string	—
UF_CRM_5F69F2A4C9045	DEAL	string	—
UF_CRM_5F69F2A57E652	DEAL	string	—
UF_CRM_62319C94282DD	DEAL	string	—
UF_CRM_625FB3527CA06	DEAL	string	—
UF_CRM_625FB3551F86E	DEAL	integer	ID созданной сделки
UF_CRM_6260DD4C3EC25	DEAL	string	—
UF_CRM_6260DD4E69825	DEAL	string	—
UF_CRM_62C55BEA5A853	DEAL	string	—
UF_CRM_62D944AA2EC90	DEAL	string	—
UF_CRM_62D944AD4D239	DEAL	string	—
UF_CRM_62D944B01F1C0	DEAL	string	—
UF_CRM_62D944B30F028	DEAL	string	—
UF_CRM_62D944B5DE54A	DEAL	string	—
UF_CRM_62D944B8B214E	DEAL	string	—
UF_CRM_62E38AD48F318	DEAL	string	—
UF_CRM_62E38AD6E02D9	DEAL	string	—
UF_CRM_62E38AD92FF6A	DEAL	string	—
UF_CRM_62E38ADB74253	DEAL	string	—
UF_CRM_62E38ADDC30B3	DEAL	string	—
UF_CRM_62E38AE02AAEF	DEAL	string	—
UF_CRM_62E38AE978439	DEAL	string	—
UF_CRM_62E38AF2028DB	DEAL	string	—
UF_CRM_62E38AFA90AC4	DEAL	string	—
UF_CRM_62E38B0305826	DEAL	string	—
UF_CRM_62ECC27B95770	DEAL	string	—
UF_CRM_62ECC27C7E767	DEAL	string	—
UF_CRM_62ECC27E4EA93	DEAL	string	—
UF_CRM_62F108F5984E1	DEAL	string	—
UF_CRM_62F108FC8EB08	DEAL	string	—
UF_CRM_62F1E58631CE7	DEAL	string	—
UF_CRM_62F1E5B5EAA66	DEAL	string	—
UF_CRM_62F1E7110B6BA	DEAL	string	—
UF_CRM_62F1E716AB106	DEAL	string	—
UF_CRM_62F1E870CE65D	DEAL	string	—
UF_CRM_62F1E877A79C1	DEAL	string	—
UF_CRM_62F61E8A2CAE7	DEAL	string	—
UF_CRM_62F61E8CD1ADE	DEAL	string	—
UF_CRM_62F61EE328A4A	DEAL	string	—
UF_CRM_630DC30A73FD4	DEAL	string	—
UF_CRM_630DC3100EC45	DEAL	string	—
UF_CRM_630DC53A5CC30	DEAL	string	—
UF_CRM_63203CFC95952	DEAL	string	—
UF_CRM_6322C2D8D9929	DEAL	string	—
UF_CRM_6322C2DBB2EE0	DEAL	string	—
UF_CRM_6322EA4B4ED4F	DEAL	string	—
UF_CRM_6322EA4E21C02	DEAL	string	—
UF_CRM_632984EB3FD9E	DEAL	string	—
UF_CRM_632AF95F892F7	DEAL	string	—
UF_CRM_633FDA684F149	DEAL	string	—
UF_CRM_633FDA6B1F1DA	DEAL	string	—
UF_CRM_6346C4E487473	DEAL	string	—
UF_CRM_6346C4E702D9D	DEAL	string	—
UF_CRM_634D2E57D105B	DEAL	string	—
UF_CRM_634D2E5AC37D3	DEAL	string	—
UF_CRM_63567E33665A8	DEAL	string	—
UF_CRM_63567E365DEA0	DEAL	string	—
UF_CRM_635B76843C38B	DEAL	string	—
UF_CRM_6360C8984503C	DEAL	string	—
UF_CRM_6360C89EBBCDC	DEAL	string	—
UF_CRM_6360C8A5451FB	DEAL	string	—
UF_CRM_6360C8AD25A7D	DEAL	string	—
UF_CRM_6360C8B48C713	DEAL	integer	ID сделки (параллельная бронь)
UF_CRM_6360C8BB7D1DA	DEAL	string	—
UF_CRM_6360C8C248987	DEAL	string	—
UF_CRM_6360C8C8E34B6	DEAL	string	—
UF_CRM_6360C8CFD5B8A	DEAL	string	—
UF_CRM_6360C8D6C8BDB	DEAL	string	—
UF_CRM_6360C8DD32142	DEAL	string	—
UF_CRM_6360C8E3D9D36	DEAL	string	—
UF_CRM_6360C8EA4C18D	DEAL	string	—
UF_CRM_6360C8F088B19	DEAL	string	—
UF_CRM_637DB0991C857	DEAL	string	—
UF_CRM_637DB09BB561A	DEAL	string	—
UF_CRM_63807A6171173	DEAL	string	—
UF_CRM_63807A649F9F4	DEAL	string	—
UF_CRM_63807A67CCF26	DEAL	string	—
UF_CRM_63807A6B3F0BD	DEAL	string	—
UF_CRM_63807A6EAA145	DEAL	string	—
UF_CRM_63807A722D0FB	DEAL	string	—
UF_CRM_63807A758AF3B	DEAL	string	—
UF_CRM_63807A791A28A	DEAL	string	—
UF_CRM_63807A7C9332B	DEAL	string	—
UF_CRM_63807A8030604	DEAL	string	—
UF_CRM_63807A8401B5C	DEAL	string	—
UF_CRM_63807A87B593A	DEAL	string	—
UF_CRM_63807A8B5273B	DEAL	string	—
UF_CRM_63807A8EF2A2A	DEAL	string	—
UF_CRM_639837A57DB51	DEAL	string	—
UF_CRM_639837A9A48D6	DEAL	string	—
UF_CRM_63AC5592C2470	DEAL	string	—
UF_CRM_63AC5595DBBC6	DEAL	string	—
UF_CRM_63AC55990254D	DEAL	string	—
UF_CRM_63AC559EBEA0D	DEAL	string	—
UF_CRM_63C907873C6E1	DEAL	string	—
UF_CRM_63C9078B49509	DEAL	string	—
UF_CRM_63C9078EE4F05	DEAL	string	—
UF_CRM_63C9079569D8B	DEAL	string	—
UF_CRM_63D7517E4ACA0	DEAL	string	—
UF_CRM_63D75181906EA	DEAL	string	—
UF_CRM_63DCE5DA46381	DEAL	string	—
UF_CRM_63DCE5DE774C0	DEAL	string	—
UF_CRM_63EA085F2EFF5	DEAL	string	—
UF_CRM_63EA086364130	DEAL	string	—
UF_CRM_641A8A76E5E68	DEAL	string	—
UF_CRM_641A8A7B2FAE1	DEAL	string	—
UF_CRM_646B27A298A7A	DEAL	string	—
UF_CRM_646B27A796FD9	DEAL	string	—
UF_CRM_646B64684C5F2	DEAL	string	—
UF_CRM_646B646D2DAEE	DEAL	string	—
UF_CRM_649BDC69B026A	DEAL	string	—
UF_CRM_649BDC6DEBD51	DEAL	string	—
UF_CRM_64B77AB4AE3DF	DEAL	string	—
UF_CRM_64B77AB8BCFB5	DEAL	string	—
UF_CRM_64B7941FB10F3	DEAL	string	—
UF_CRM_64B7942409BA2	DEAL	string	—
UF_CRM_64B794281248E	DEAL	string	—
UF_CRM_64B7942F1BFE7	DEAL	string	—
UF_CRM_64B7A7D7B19E4	DEAL	string	—
UF_CRM_64B7A7DC36659	DEAL	string	—
UF_CRM_64DB2433E71DB	DEAL	string	—
UF_CRM_64DB243848906	DEAL	string	—
UF_CRM_64E70E9C328D9	DEAL	string	—
UF_CRM_64E70EA005ACA	DEAL	string	—
UF_CRM_64E70EA3A4C34	DEAL	string	—
UF_CRM_64E70EA76D7B5	DEAL	string	—
UF_CRM_64E70EAB40C37	DEAL	string	—
UF_CRM_64E70EAEE55F5	DEAL	string	—
UF_CRM_64E70EB2EF961	DEAL	string	—
UF_CRM_64E70EB6E58C7	DEAL	string	—
UF_CRM_64E70EBD9EDA5	DEAL	string	—
UF_CRM_64E70EC39B659	DEAL	string	—
UF_CRM_64E70EC90D28E	DEAL	string	—
UF_CRM_64E70ECEDA78B	DEAL	string	—
UF_CRM_64E70ED4A4835	DEAL	string	—
UF_CRM_64E70EDB2815B	DEAL	string	—
UF_CRM_64E7139D2AE78	DEAL	string	—
UF_CRM_64E713A186C51	DEAL	string	—
UF_CRM_64E713A5EF7A3	DEAL	string	—
UF_CRM_64E713AC80821	DEAL	string	—
UF_CRM_64E7418FEA3FF	DEAL	string	—
UF_CRM_64E7419480A30	DEAL	string	—
UF_CRM_64E88467DD803	DEAL	string	—
UF_CRM_64E8A36270D80	DEAL	string	—
UF_CRM_64F2B7B7AFE26	DEAL	string	—
UF_CRM_64F2B7BB96150	DEAL	string	—
UF_CRM_6502F998DCC33	DEAL	string	—
UF_CRM_6503E23C885EF	DEAL	string	—
UF_CRM_65521C01B1C21	DEAL	string	—
UF_CRM_65521C06582B2	DEAL	string	—
UF_CRM_655DC6085039A	DEAL	string	—
UF_CRM_655DC60D2AEF8	DEAL	string	—
UF_CRM_6560740DE81D4	DEAL	string	—
UF_CRM_65607412CE2F9	DEAL	string	—
UF_CRM_6566C9A1DF646	DEAL	string	—
UF_CRM_6566D5EF072AB	DEAL	string	—
UF_CRM_659FE32D7B24E	DEAL	string	—
UF_CRM_65D2DAF34FC69	DEAL	string	—
UF_CRM_65D2DAFA9D1B9	DEAL	string	—
UF_CRM_65D2DB03A4285	DEAL	string	—
UF_CRM_65D2DB0C97778	DEAL	string	—
UF_CRM_65D2DB15B6F86	DEAL	string	—
UF_CRM_65E6E2E042CC9	DEAL	string	—
UF_CRM_65E6E2E065B35	DEAL	string	—
UF_CRM_65E6E2E0795F5	DEAL	string	—
UF_CRM_65E6E2E08E632	DEAL	string	—
UF_CRM_65E6E2E0A15F0	DEAL	string	—
UF_CRM_65E6E2E0B5E6D	DEAL	string	—
UF_CRM_65E6E2E0C82BD	DEAL	string	—
UF_CRM_65F832B6D830B	DEAL	string	—
UF_CRM_65F96456255DC	DEAL	string	—
UF_CRM_65F96456682DA	DEAL	string	—
UF_CRM_6603B013DBADD	DEAL	string	—
UF_CRM_663A2826AF5E8	DEAL	string	—
UF_CRM_66555C048988D	DEAL	string	—
UF_CRM_66555C04A6DBC	DEAL	string	—
UF_CRM_66555C04C2E98	DEAL	string	—
UF_CRM_66555C0FD0C98	DEAL	string	—
UF_CRM_66700EA31B81B	DEAL	string	—
UF_CRM_6673BC08EA2C8	DEAL	string	—
UF_CRM_6673BC0916286	DEAL	string	—
UF_CRM_6673BC0934582	DEAL	string	—
UF_CRM_6673BC146BF8D	DEAL	string	—
UF_CRM_667A45F1A155A	DEAL	string	—
UF_CRM_667A45F1C325C	DEAL	string	—
UF_CRM_66A9BC13EE35D	DEAL	string	—
UF_CRM_66B0BA0B21A2D	DEAL	string	—
UF_CRM_66EC21CC68682	DEAL	string	—
UF_CRM_66EC21CC90F4E	DEAL	string	—
UF_CRM_66EC21CCAEDBA	DEAL	string	—
UF_CRM_66EC21DB491D5	DEAL	string	—
UF_CRM_675688669F7A5	DEAL	string	—
UF_CRM_6788D081EF0A0	DEAL	string	—
UF_CRM_6788D082489C4	DEAL	string	—
UF_CRM_6A04093CD7DA6	DEAL	string	—
UF_CRM_6A43B6E42F9E7	DEAL	string	—
UF_CRM_6A43B6EB93AFF	DEAL	string	—
UF_CRM_6A43B6F40A8D0	DEAL	string	—
UF_CRM_6A43B6FC72CA3	DEAL	string	—
UF_CRM_6A43B7170863B	DEAL	string	—
UF_CRM_A_T_GROUP_ID	DEAL	string	—
UF_CRM_A_W_GROUP_ID	DEAL	string	—
UF_CRM_ADDRESS_2	DEAL	string	—
UF_CRM_AMB_TELEGRAM_ID	DEAL	string	—
UF_CRM_AVITO_WZ	DEAL	string	—
UF_CRM_CHECKBOX	DEAL	string	—
UF_CRM_COMPANY_3836327779992	DEAL	string	—
UF_CRM_COMPANY_3836743009697	DEAL	string	—
UF_CRM_COMPANY_3837359946416	DEAL	string	—
UF_CRM_CONTACT_3836327788178	DEAL	string	—
UF_CRM_CONTACT_3836743010551	DEAL	string	—
UF_CRM_CONTACT_HH2CRM_EMPLOYEE	DEAL	string	—
UF_CRM_CONTACT_HH2CRM_NEGOTIATION	DEAL	string	—
UF_CRM_CONTACT_HH2CRM_VACANCY	DEAL	string	—
UF_CRM_DEAL_HH2CRM_EMPLOYEE	DEAL	string	—
UF_CRM_DEAL_HH2CRM_NEGOTIATION	DEAL	string	—
UF_CRM_DEAL_HH2CRM_VACANCY	DEAL	string	—
UF_CRM_DEAL_ITISO_GRAPH	DEAL	string	—
UF_CRM_DIZAINEST	DEAL	string	—
UF_CRM_EMAIL_HOME	DEAL	string	—
UF_CRM_EMAIL_OTHER	DEAL	string	—
UF_CRM_EMAIL_WORK	DEAL	string	—
UF_CRM_FLOOR_SELECT	DEAL	string	—
UF_CRM_FULL_ADDRESS	DEAL	string	—
UF_CRM_HHAGES	DEAL	string	—
UF_CRM_HHAPPLICANTID	DEAL	string	—
UF_CRM_HHCITY	DEAL	string	—
UF_CRM_HHDOWNLOADRESUMEURLPDF	DEAL	string	—
UF_CRM_HHRESPONSEID	DEAL	string	—
UF_CRM_HHRESPONSETEXT	DEAL	string	—
UF_CRM_HHSEX	DEAL	string	—
UF_CRM_HHVACANCYID	DEAL	string	—
UF_CRM_HHVACANCYNAME	DEAL	string	—
UF_CRM_I2CRM_CHAT	DEAL	string	—
UF_CRM_ID_SALES	DEAL	string	—
UF_CRM_IM_OTHER	DEAL	string	—
UF_CRM_INSTAGRAM_WZ	DEAL	string	—
UF_CRM_KLININGPOSLER	DEAL	string	—
UF_CRM_LAST_NAME	DEAL	string	—
UF_CRM_LEGACY_HOURLY_RATE	DEAL	string	—
UF_CRM_LEGACY_LINK_DASH	DEAL	string	—
UF_CRM_LEGACY_LINK_TASK	DEAL	string	—
UF_CRM_MANGO_TOPICS	DEAL	string	—
UF_CRM_MGO_CC_CHANNEL_TYPE	DEAL	string	—
UF_CRM_MGO_CC_CREATE	DEAL	string	—
UF_CRM_MGO_CC_END	DEAL	string	—
UF_CRM_MGO_CC_ENTRY_ID	DEAL	string	—
UF_CRM_MGO_CC_ENTRY_POINT	DEAL	string	—
UF_CRM_MGO_CC_RESULT	DEAL	string	—
UF_CRM_MGO_CC_TAG_ID	DEAL	string	—
UF_CRM_NAME	DEAL	string	—
UF_CRM_PB_AREA	DEAL	double	Площадь (бронь)
UF_CRM_PB_BALCONY	DEAL	string	Балкон (бронь)
UF_CRM_PB_FLOOR	DEAL	string	Этаж (бронь)
UF_CRM_PB_HOUSE	DEAL	string	Дом (бронь)
UF_CRM_PB_NUMBER	DEAL	string	Номер (бронь)
UF_CRM_PB_PRICE	DEAL	money	Цена (бронь)
UF_CRM_PB_PRICE_METR	DEAL	money	Цена за м² (бронь)
UF_CRM_PB_PROJECT	DEAL	string	Проект (бронь)
UF_CRM_PB_PROP_ID	DEAL	string	ID объекта (бронь)
UF_CRM_PB_ROOMS	DEAL	string	Комнаты (бронь)
UF_CRM_PB_SECTION	DEAL	string	Секция (бронь)
UF_CRM_PHONE_HOME	DEAL	string	—
UF_CRM_PHONE_MOBILE	DEAL	string	—
UF_CRM_PHONE_OTHER	DEAL	string	—
UF_CRM_PHONE_WORK	DEAL	string	—
UF_CRM_PRICE_METER	DEAL	string	—
UF_CRM_RECORDING_TAG	DEAL	string	—
UF_CRM_REQUIREDFIELDELEMENT	DEAL	string	—
UF_CRM_SECOND_NAME	DEAL	string	—
UF_CRM_SKIDKANATEHNI	DEAL	string	—
UF_CRM_ST_BIRTHDAY	DEAL	string	—
UF_CRM_ST_CITYBIRTH	DEAL	string	—
UF_CRM_ST_FIRSTNAME	DEAL	string	—
UF_CRM_ST_GENDER	DEAL	string	—
UF_CRM_ST_LASTNAME	DEAL	string	—
UF_CRM_ST_PASSPORT	DEAL	string	—
UF_CRM_ST_PASSPORT_DATE	DEAL	string	—
UF_CRM_ST_PASSPORT_NUMBER	DEAL	string	—
UF_CRM_ST_PASSPORT_ORG	DEAL	string	—
UF_CRM_ST_PASSPORT_ORG_CODE	DEAL	string	—
UF_CRM_ST_PASSPORT_SERIAL	DEAL	string	—
UF_CRM_ST_PATRONYMIC	DEAL	string	—
UF_CRM_ST_SIGNATURE	DEAL	string	—
UF_CRM_TELEGRAMID_WZ	DEAL	string	—
UF_CRM_TELEGRAMUSERNAME_WZ	DEAL	string	—
UF_CRM_TIKTOK	DEAL	string	—
UF_CRM_VK_WZ	DEAL	string	—
UF_CRM_VTORICHNAYANE	DEAL	string	—
UF_CRM_WEB_OTHER	DEAL	string	—